{"cameraMode":{"drawMode":0,"name":"Shaded","section":"Shading Mode"},"sceneLighting":false,"audioPlay":false,"sceneViewState":{"showFog":true,"showMaterialUpdate":false,"showSkybox":false,"showFlares":true,"showImageEffects":true,"showParticleSystems":true},"in2DMode":false,"pivot":{"x":-5.0019307136535648,"y":1.2340662479400635,"z":-0.6519051790237427},"rotation":{"x":0.04227810725569725,"y":0.597966194152832,"z":-0.031605154275894168,"w":0.7997924089431763},"size":1.7997291088104249,"orthographic":false}